{
  "categories": {
    "dedicated-servers": {
      "name": "Dedicated Servers",
      "description": "Enterprise Dell servers with full root access and dedicated resources",
      "icon": "fas fa-server",
      "products": [
        {
          "id": "ds-starter",
          "name": "Starter Server",
          "description": "Perfect for small to medium projects with moderate traffic",
          "price": 49.0,
          "discountPrice": null,
          "billingCycle": "month",
          "featured": false,
          "image": null,
          "specifications": {
            "cpu": "Dual Intel Xeon E5-2620 V2 2.6 GHz",
            "cores": "12 Cores / 24 Threads",
            "ram": "32 GB DDR3 ECC",
            "storage": "1 TB SSD",
            "bandwidth": "Unmetered @ 1Gbps",
            "ipv4": "5 IPv4 (/29)",
            "ipv6": "/64 IPv6 Subnet"
          },
          "features": [
            "IPMI 2.0 / Dell iDRAC",
            "100% Uptime SLA",
            "24/7 Support",
            "Free OS Installation",
            "Monthly Contracts",
            "No Setup Fees"
          ],
          "locations": [
            "Detroit, MI",
            "Kansas City, MO"
          ],
          "available": true,
          "setupTime": "24-48 hours",
          "ctaText": "Order Now",
          "ctaLink": "https://clients.incx.net/index.php?rp=/store/dedicated-servers/dedicated-server-1"
        },
        {
          "id": "ds-professional",
          "name": "Professional Server",
          "description": "Ideal for resource-intensive applications and high-traffic websites",
          "price": 59.0,
          "discountPrice": null,
          "billingCycle": "month",
          "featured": true,
          "badge": "Most Popular",
          "badgeColor": "primary",
          "image": null,
          "specifications": {
            "cpu": "Dual Intel Xeon E5-2660 V2 2.2 GHz",
            "cores": "20 Cores / 40 Threads",
            "ram": "64 GB DDR3 ECC",
            "storage": "1 TB SSD",
            "bandwidth": "Unmetered @ 1Gbps",
            "ipv4": "5 IPv4 (/29)",
            "ipv6": "/64 IPv6 Subnet"
          },
          "features": [
            "IPMI 2.0 / Dell iDRAC",
            "100% Uptime SLA",
            "24/7 Priority Support",
            "Free OS Installation",
            "Monthly Contracts",
            "No Setup Fees",
            "Free Migration Assistance"
          ],
          "locations": [
            "Detroit, MI",
            "Kansas City, MO",
            "Cleveland, OH"
          ],
          "available": true,
          "setupTime": "24-48 hours",
          "ctaText": "Order Now",
          "ctaLink": "https://clients.incx.net/index.php?rp=/store/dedicated-servers/dedicated-server-2"
        },
        {
          "id": "ds-enterprise",
          "name": "Enterprise Server",
          "description": "Maximum performance for demanding enterprise applications",
          "price": 199.0,
          "discountPrice": 149.0,
          "billingCycle": "month",
          "featured": false,
          "badge": "Save $50",
          "badgeColor": "green",
          "image": null,
          "specifications": {
            "cpu": "Dual Intel Xeon E5-2680 V2 2.8 GHz",
            "cores": "20 Cores / 40 Threads",
            "ram": "128 GB DDR3 ECC",
            "storage": "2 x 1 TB SSD (RAID 1)",
            "bandwidth": "33TB @ 1Gbps",
            "ipv4": "5 IPv4 (/29)",
            "ipv6": "/64 IPv6 Subnet"
          },
          "features": [
            "IPMI 2.0 / Dell iDRAC",
            "100% Uptime SLA",
            "24/7 Premium Support",
            "Free OS Installation",
            "Monthly Contracts",
            "No Setup Fees",
            "Free Migration Assistance",
            "Free Backup Storage",
            "DDoS Protection Included"
          ],
          "locations": [
            "Detroit, MI",
            "Kansas City, MO",
            "Cleveland, OH",
            "Dallas, TX"
          ],
          "available": true,
          "setupTime": "24-48 hours",
          "ctaText": "Order Now",
          "ctaLink": "https://clients.incx.net/index.php?rp=/store/dedicated-servers/dedicated-server-3"
        },
        {
          "id": "ds-custom",
          "name": "Custom Configuration",
          "description": "Build your own server with custom specifications",
          "price": null,
          "discountPrice": null,
          "billingCycle": "month",
          "featured": false,
          "image": null,
          "specifications": {
            "cpu": "Choose your CPU",
            "cores": "Up to 40+ cores",
            "ram": "Up to 512 GB",
            "storage": "Up to 8 TB",
            "bandwidth": "Up to 10Gbps",
            "ipv4": "Up to /24 subnet",
            "ipv6": "/48 IPv6 available"
          },
          "features": [
            "Fully Customizable",
            "Enterprise Hardware Options",
            "Multiple RAID Configurations",
            "Custom Network Solutions",
            "Dedicated Account Manager",
            "Priority Provisioning"
          ],
          "locations": [
            "All Locations"
          ],
          "available": true,
          "setupTime": "Contact Sales",
          "ctaText": "Get Quote",
          "ctaLink": "https://clients.incx.net/index.php?rp=/store/dedicated-servers/dedicated-1-quadcore"
        }
      ]
    },
    "vps": {
      "name": "KVM VPS Servers",
      "description": "Scalable virtual private servers with guaranteed resources",
      "icon": "fas fa-cloud",
      "products": [
        {
          "id": "vps-starter",
          "name": "VPS Starter",
          "description": "Perfect for development and small projects",
          "price": 10.0,
          "discountPrice": null,
          "billingCycle": "month",
          "featured": false,
          "image": null,
          "specifications": {
            "cpu": "2 vCPU Cores",
            "ram": "2 GB RAM",
            "storage": "40 GB SSD",
            "bandwidth": "2 TB Transfer",
            "port": "1 Gbps Port",
            "ipv4": "1 IPv4 Address"
          },
          "features": [
            "KVM Virtualization",
            "Full Root Access",
            "99.9% Uptime SLA",
            "Instant Provisioning",
            "Free Snapshots",
            "Custom ISO Support"
          ],
          "locations": [
            "Detroit, MI",
            "Kansas City, MO"
          ],
          "available": true,
          "setupTime": "Instant",
          "ctaText": "Deploy Now",
          "ctaLink": "https://clients.incx.net/cart.php?a=add&pid=187"
        },
        {
          "id": "vps-business",
          "name": "VPS Business",
          "description": "Ideal for business websites and applications",
          "price": 25.0,
          "discountPrice": null,
          "billingCycle": "month",
          "featured": true,
          "badge": "Best Value",
          "badgeColor": "primary",
          "image": null,
          "specifications": {
            "cpu": "4 vCPU Cores",
            "ram": "8 GB RAM",
            "storage": "160 GB SSD",
            "bandwidth": "8 TB Transfer",
            "port": "1 Gbps Port",
            "ipv4": "1 IPv4 Address"
          },
          "features": [
            "KVM Virtualization",
            "Full Root Access",
            "99.9% Uptime SLA",
            "Instant Provisioning",
            "Free Snapshots",
            "Custom ISO Support",
            "Free Weekly Backups",
            "Priority Support"
          ],
          "locations": [
            "Detroit, MI",
            "Kansas City, MO",
            "Cleveland, OH"
          ],
          "available": true,
          "setupTime": "Instant",
          "ctaText": "Deploy Now",
          "ctaLink": "https://clients.incx.net/cart.php?a=add&pid=188"
        },
        {
          "id": "vps-professional",
          "name": "VPS Professional",
          "description": "High-performance VPS for demanding applications",
          "price": 50.0,
          "discountPrice": 40.0,
          "billingCycle": "month",
          "featured": false,
          "badge": "Save 20%",
          "badgeColor": "green",
          "image": null,
          "specifications": {
            "cpu": "8 vCPU Cores",
            "ram": "16 GB RAM",
            "storage": "320 GB SSD",
            "bandwidth": "16 TB Transfer",
            "port": "1 Gbps Port",
            "ipv4": "2 IPv4 Addresses"
          },
          "features": [
            "KVM Virtualization",
            "Full Root Access",
            "99.95% Uptime SLA",
            "Instant Provisioning",
            "Free Snapshots",
            "Custom ISO Support",
            "Free Daily Backups",
            "Premium Support",
            "DDoS Protection"
          ],
          "locations": [
            "Detroit, MI",
            "Kansas City, MO",
            "Cleveland, OH",
            "Dallas, TX"
          ],
          "available": true,
          "setupTime": "Instant",
          "ctaText": "Deploy Now",
          "ctaLink": "https://clients.incx.net/cart.php?a=add&pid=189"
        }
      ]
    },
    "colocation": {
      "name": "Server Colocation",
      "description": "House your servers in our secure Tier 3 data centers",
      "icon": "fas fa-building",
      "products": [
        {
          "id": "colo-1u",
          "name": "1U Colocation",
          "description": "Single server colocation with unmetered bandwidth",
          "price": 50.0,
          "discountPrice": null,
          "billingCycle": "month",
          "featured": false,
          "image": null,
          "specifications": {
            "space": "1U Rack Space",
            "power": "2 Amps @ 120V",
            "bandwidth": "Unmetered @ 1Gbps",
            "ipv4": "5 IPv4 (/29)",
            "ipv6": "/64 IPv6 Subnet",
            "uplink": "1Gbps Port"
          },
          "features": [
            "24/7 Facility Access",
            "Remote Hands Service",
            "100% Uptime SLA",
            "Multiple Carriers",
            "Free Inbound Bandwidth",
            "First Month Free"
          ],
          "locations": [
            "Detroit, MI",
            "Kansas City, MO"
          ],
          "available": true,
          "setupTime": "Same Day",
          "ctaText": "Order Now",
          "ctaLink": "https://clients.incx.net/index.php?rp=/store/colocation/rackmount-server-colocation"
        },
        {
          "id": "colo-2u",
          "name": "2U Colocation",
          "description": "Dual rack unit colocation for larger servers",
          "price": 75.0,
          "discountPrice": null,
          "billingCycle": "month",
          "featured": true,
          "badge": "Popular",
          "badgeColor": "primary",
          "image": null,
          "specifications": {
            "space": "2U Rack Space",
            "power": "4 Amps @ 120V",
            "bandwidth": "Unmetered @ 1Gbps",
            "ipv4": "5 IPv4 (/29)",
            "ipv6": "/64 IPv6 Subnet",
            "uplink": "1Gbps Port"
          },
          "features": [
            "24/7 Facility Access",
            "Remote Hands Service",
            "100% Uptime SLA",
            "Multiple Carriers",
            "Free Inbound Bandwidth",
            "First Month Free",
            "Free Power Cycling"
          ],
          "locations": [
            "Detroit, MI",
            "Kansas City, MO"
          ],
          "available": true,
          "setupTime": "Same Day",
          "ctaText": "Order Now",
          "ctaLink": "https://clients.incx.net/index.php?rp=/store/colocation/rackmount-server-colocation"
        },
        {
          "id": "colo-4u",
          "name": "4U Colocation",
          "description": "Quarter rack colocation for multiple servers",
          "price": 100.0,
          "discountPrice": null,
          "billingCycle": "month",
          "featured": false,
          "image": null,
          "specifications": {
            "space": "4U Rack Space",
            "power": "6 Amps @ 120V",
            "bandwidth": "Unmetered @ 1Gbps",
            "ipv4": "13 IPv4 (/28)",
            "ipv6": "/64 IPv6 Subnet",
            "uplink": "1Gbps Port"
          },
          "features": [
            "24/7 Facility Access",
            "Remote Hands Service",
            "100% Uptime SLA",
            "Multiple Carriers",
            "Free Inbound Bandwidth",
            "First Month Free",
            "Free Power Cycling",
            "Priority Support"
          ],
          "locations": [
            "Detroit, MI",
            "Kansas City, MO"
          ],
          "available": true,
          "setupTime": "Same Day",
          "ctaText": "Order Now",
          "ctaLink": "https://clients.incx.net/index.php?rp=/store/colocation/rackmount-server-colocation"
        },
        {
          "id": "colo-cabinet",
          "name": "Full Cabinet",
          "description": "42U full rack cabinet with dedicated power",
          "price": null,
          "discountPrice": null,
          "billingCycle": "month",
          "featured": false,
          "badge": "Custom Quote",
          "badgeColor": "purple",
          "image": null,
          "specifications": {
            "space": "42U Full Rack",
            "power": "20-30 Amps @ 120V/208V",
            "bandwidth": "10Gbps Available",
            "ipv4": "Custom Allocation",
            "ipv6": "/48 Available",
            "uplink": "1-100Gbps Available"
          },
          "features": [
            "24/7 Facility Access",
            "Dedicated Account Manager",
            "100% Uptime SLA",
            "Multiple Carriers",
            "Custom Network Solutions",
            "Cage Options Available",
            "A+B Power Redundancy"
          ],
          "locations": [
            "All Locations"
          ],
          "available": true,
          "setupTime": "1-3 Days",
          "ctaText": "Get Quote",
          "ctaLink": "https://clients.incx.net/index.php?rp=/store/colocation/rackmount-server-colocation"
        }
      ]
    }
  },
  "settings": {
    "currency": "USD",
    "currencySymbol": "$",
    "showDiscounts": true,
    "showBadges": true,
    "showLocations": true,
    "showSetupTime": true,
    "showSpecifications": true
  }
}