{
  "testimonials": [
    {
      "id": "test-001",
      "name": "Michael Richardson",
      "company": "TechFlow Solutions",
      "position": "Chief Technology Officer",
      "rating": 5,
      "date": "2024-11-08",
      "service": "Dedicated Servers",
      "location": "San Francisco, CA",
      "avatar": null,
      "featured": true,
      "verified": true,
      "title": "Exceptional Performance and Reliability",
      "content": "We've been with INCX for over 3 years now, and their dedicated servers have been absolutely rock solid. The performance is outstanding, and we've experienced 100% uptime on our critical infrastructure. Their support team is knowledgeable and responds within minutes, even at 3 AM. Couldn't be happier with the service.",
      "highlights": ["100% Uptime", "Fast Support", "Great Performance"]
    },
    {
      "id": "test-002",
      "name": "Sarah Chen",
      "company": "DataDrive Analytics",
      "position": "Infrastructure Manager",
      "rating": 5,
      "date": "2024-10-15",
      "service": "Colocation",
      "location": "Chicago, IL",
      "avatar": null,
      "featured": true,
      "verified": true,
      "title": "Best Colocation Provider We've Worked With",
      "content": "After trying several colocation providers, INCX stands out significantly. Their Detroit facility is top-notch, the network connectivity is excellent, and the remote hands support saves us countless trips to the data center. The pricing is transparent and fair, with no hidden fees. Highly recommend for anyone looking for reliable colocation services.",
      "highlights": ["Excellent Facility", "Transparent Pricing", "Remote Hands"]
    },
    {
      "id": "test-003",
      "name": "James Martinez",
      "company": "CloudFirst Hosting",
      "position": "CEO",
      "rating": 5,
      "date": "2024-09-22",
      "service": "Dedicated Servers",
      "location": "Austin, TX",
      "avatar": null,
      "featured": false,
      "verified": true,
      "title": "Scaled Our Business with INCX",
      "content": "Started with one dedicated server and now running 15+ servers with INCX. They've been instrumental in our growth. The ability to get servers provisioned within 24 hours has been game-changing for our business. Network performance is consistently excellent with their unmetered bandwidth.",
      "highlights": ["Fast Provisioning", "Scalable", "Unmetered Bandwidth"]
    },
    {
      "id": "test-004",
      "name": "Emily Johnson",
      "company": "StreamMedia Pro",
      "position": "Technical Director",
      "rating": 5,
      "date": "2024-11-01",
      "service": "VPS",
      "location": "Los Angeles, CA",
      "avatar": null,
      "featured": true,
      "verified": true,
      "title": "Perfect for Our Streaming Platform",
      "content": "We use multiple VPS instances for our streaming platform, and the performance has been exceptional. The KVM virtualization provides true dedicated resources, and we've never experienced the 'noisy neighbor' issues we had with other providers. The instant provisioning is a huge plus.",
      "highlights": ["KVM Virtualization", "Dedicated Resources", "Instant Setup"]
    },
    {
      "id": "test-005",
      "name": "Robert Thompson",
      "company": "SecureNet Systems",
      "position": "Network Administrator",
      "rating": 4,
      "date": "2024-08-30",
      "service": "Dedicated Servers",
      "location": "Dallas, TX",
      "avatar": null,
      "featured": false,
      "verified": true,
      "title": "Great Service with Minor Room for Improvement",
      "content": "Overall very satisfied with INCX. The servers are reliable, support is responsive, and the network is fast. Only minor issue was initial setup took slightly longer than expected, but support kept us informed throughout. Would definitely recommend to others.",
      "highlights": ["Reliable Servers", "Good Communication", "Fast Network"]
    },
    {
      "id": "test-006",
      "name": "Lisa Anderson",
      "company": "E-Commerce Plus",
      "position": "Operations Manager",
      "rating": 5,
      "date": "2024-10-10",
      "service": "Dedicated Servers",
      "location": "New York, NY",
      "avatar": null,
      "featured": false,
      "verified": true,
      "title": "Unbeatable Value for Money",
      "content": "We migrated from AWS to INCX dedicated servers and cut our hosting costs by 60% while getting better performance. The migration support was excellent, and they helped us every step of the way. The no setup fees and month-to-month contracts gave us confidence to make the switch.",
      "highlights": ["Cost Effective", "Better Performance", "No Setup Fees"]
    },
    {
      "id": "test-007",
      "name": "David Kim",
      "company": "GameHost Pro",
      "position": "Founder",
      "rating": 5,
      "date": "2024-07-25",
      "service": "Dedicated Servers",
      "location": "Seattle, WA",
      "avatar": null,
      "featured": false,
      "verified": true,
      "title": "Perfect for Game Server Hosting",
      "content": "Running multiple game servers on INCX hardware. The low latency to major US cities is excellent, and the DDoS protection included has saved us multiple times. CPU performance on the dual Xeon setups is fantastic for our game servers.",
      "highlights": ["Low Latency", "DDoS Protection", "Excellent CPU"]
    },
    {
      "id": "test-008",
      "name": "Amanda White",
      "company": "FinTech Solutions",
      "position": "Security Officer",
      "rating": 5,
      "date": "2024-09-05",
      "service": "Colocation",
      "location": "Boston, MA",
      "avatar": null,
      "featured": false,
      "verified": true,
      "title": "Secure and Compliant Infrastructure",
      "content": "Security was our top priority, and INCX delivered. Their SOC audited data centers, biometric access controls, and 24/7 monitoring give us peace of mind. The compliance documentation was thorough and helped with our audits. Excellent for financial services.",
      "highlights": ["High Security", "SOC Audited", "Compliant"]
    },
    {
      "id": "test-009",
      "name": "Carlos Rodriguez",
      "company": "Web Development Co",
      "position": "Lead Developer",
      "rating": 5,
      "date": "2024-11-12",
      "service": "VPS",
      "location": "Miami, FL",
      "avatar": null,
      "featured": false,
      "verified": true,
      "title": "Developer-Friendly Hosting",
      "content": "As a developer, I appreciate the flexibility INCX provides. Full root access, ability to upload custom ISOs, and no restrictions on what we can run (within legal bounds) makes this perfect for development and testing. The snapshot feature has saved me countless hours.",
      "highlights": ["Full Root Access", "Custom ISO", "Snapshots"]
    },
    {
      "id": "test-010",
      "name": "Jennifer Lee",
      "company": "MediaStream Inc",
      "position": "IT Director",
      "rating": 5,
      "date": "2024-08-18",
      "service": "Dedicated Servers",
      "location": "Denver, CO",
      "avatar": null,
      "featured": false,
      "verified": true,
      "title": "Outstanding Support Team",
      "content": "What sets INCX apart is their support team. They're not just ticket responders but actual engineers who understand complex issues. They've helped us optimize our setup, suggested improvements, and even helped with issues outside their scope. True 24/7 support, not just an answering service.",
      "highlights": ["Expert Support", "Proactive Help", "True 24/7"]
    },
    {
      "id": "test-011",
      "name": "Mark Stevens",
      "company": "Startup Hub",
      "position": "Founder",
      "rating": 4,
      "date": "2024-10-28",
      "service": "VPS",
      "location": "Portland, OR",
      "avatar": null,
      "featured": false,
      "verified": true,
      "title": "Great Starting Point for Startups",
      "content": "Started with a small VPS and love the ability to scale up as needed. The pricing is very competitive, and no long-term contracts meant we could start small without huge commitments. Support helped us migrate from our previous provider for free.",
      "highlights": ["Scalable", "No Contracts", "Free Migration"]
    },
    {
      "id": "test-012",
      "name": "Patricia Brown",
      "company": "Global Retail Online",
      "position": "E-commerce Manager",
      "rating": 5,
      "date": "2024-09-15",
      "service": "Dedicated Servers",
      "location": "Phoenix, AZ",
      "avatar": null,
      "featured": false,
      "verified": true,
      "title": "Handles Black Friday Traffic with Ease",
      "content": "Our e-commerce site gets hammered during Black Friday, and INCX servers handle it without breaking a sweat. The unmetered bandwidth means we never worry about overage charges during peak times. Performance monitoring tools included are very helpful.",
      "highlights": ["Handles High Traffic", "Unmetered Bandwidth", "Monitoring Tools"]
    },
    {
      "id": "test-013",
      "name": "Thomas Wilson",
      "company": "DevOps Consulting",
      "position": "Senior Consultant",
      "rating": 5,
      "date": "2024-11-05",
      "service": "Colocation",
      "location": "Minneapolis, MN",
      "avatar": null,
      "featured": false,
      "verified": true,
      "title": "Professional Data Center Operations",
      "content": "I've worked with many data centers, and INCX runs a tight ship. Their facilities are immaculate, procedures are well-documented, and the staff is professional. Remote hands service is reasonably priced and they document everything with photos.",
      "highlights": ["Professional Staff", "Clean Facilities", "Well Documented"]
    },
    {
      "id": "test-014",
      "name": "Rachel Green",
      "company": "Content Delivery Co",
      "position": "Infrastructure Lead",
      "rating": 5,
      "date": "2024-07-30",
      "service": "Dedicated Servers",
      "location": "Atlanta, GA",
      "avatar": null,
      "featured": false,
      "verified": true,
      "title": "Excellent Network Performance",
      "content": "The network performance is what keeps us with INCX. Multiple tier-1 carriers, intelligent routing, and consistent low latency across the US. We serve content to millions of users, and the network has never been a bottleneck.",
      "highlights": ["Multiple Carriers", "Low Latency", "Great Routing"]
    },
    {
      "id": "test-015",
      "name": "Brian Miller",
      "company": "SaaS Platform Inc",
      "position": "CTO",
      "rating": 5,
      "date": "2024-08-12",
      "service": "Dedicated Servers",
      "location": "San Diego, CA",
      "avatar": null,
      "featured": false,
      "verified": true,
      "title": "Enterprise Quality at SMB Prices",
      "content": "We get enterprise-level hardware and support at prices that work for our growing SaaS business. The Dell PowerEdge servers are rock solid, IPMI/iDRAC access is invaluable, and the fact that they own their hardware means better prices for us.",
      "highlights": ["Enterprise Hardware", "Great Pricing", "IPMI Access"]
    }
  ],
  "stats": {
    "totalReviews": 15,
    "averageRating": 4.9,
    "ratings": {
      "5": 13,
      "4": 2,
      "3": 0,
      "2": 0,
      "1": 0
    },
    "verifiedPercentage": 100,
    "recommendPercentage": 100
  },
  "settings": {
    "showRatings": true,
    "showCompany": true,
    "showService": true,
    "showDate": true,
    "requireVerification": false,
    "moderationEnabled": false,
    "maxDisplayLength": 300
  }
}