{
  "meta": {
    "title": "About Us - Interconnecx",
    "description": "Learn about Interconnecx, a trusted hosting provider since {{company.founded}}. Enterprise dedicated servers, VPS, and colocation services with data centers across the USA.",
    "keywords": "about interconnecx, hosting company, data center provider"
  },
  "hero": {
    "title": "About Interconnecx",
    "subtitle": "Your trusted hosting partner since {{company.founded}}. Delivering enterprise-grade infrastructure solutions with unmatched reliability and support.",
    "image": "/images/about.jpg"
  },
  "story": {
    "title": "Our Story",
    "content": [
      "Founded in {{company.founded}}, {{company.name}} has been at the forefront of the hosting industry for over 15 years. What started as a small operation in Detroit, Michigan has grown into a trusted infrastructure provider serving thousands of businesses across the globe.",
      "We specialize in providing enterprise-class dedicated servers, virtual private servers, and colocation services from our state-of-the-art Tier 3 data centers. Our commitment to excellence has made us a preferred partner for businesses that demand reliability, performance, and exceptional support.",
      "Today, we operate {{datacenters.count}} data centers across the United States, ensuring low latency and high availability for our clients nationwide."
    ]
  }
}