{
  "meta": {
    "title": "Server Colocation - Interconnecx",
    "description": "Server colocation starting at $50/mo. 1U, 2U, 4U and full cabinet options with {{network.bandwidth}} unmetered bandwidth in Detroit and Kansas City data centers.",
    "keywords": "colocation, server colocation, data center colocation, rack space"
  },
  "hero": {
    "title": "Server Colocation",
    "subtitle": "House your hardware in our secure data centers. Professional colocation services with unmetered bandwidth, redundant power, and 24/7 access in Tier 3 facilities.",
    "image": "/images/colocation-hero.jpg"
  },
  "features": [
    "24/7 Access",
    "{{network.bandwidth}} Network",
    "Redundant Power",
    "Remote Hands"
  ]
}