{
  "meta": {
    "title": "Customer Testimonials - Interconnecx",
    "description": "Read what our customers say about Interconnecx hosting services. Real reviews from businesses using our dedicated servers, VPS, and colocation services.",
    "keywords": "customer testimonials, hosting reviews, interconnecx reviews, server hosting feedback"
  },
  "hero": {
    "title": "Customer Testimonials",
    "subtitle": "Hear from businesses that trust {{company.name}} for their critical infrastructure. Real stories from real customers.",
    "image": "/images/testimonials.jpg"
  },
  "stats": {
    "enabled": true,
    "items": [
      {
        "label": "Happy Customers",
        "value": "500+",
        "icon": "fas fa-users"
      },
      {
        "label": "Average Rating",
        "value": "4.8/5",
        "icon": "fas fa-star"
      },
      {
        "label": "Years in Business",
        "value": "15+",
        "icon": "fas fa-calendar"
      },
      {
        "label": "Customer Retention",
        "value": "95%",
        "icon": "fas fa-heart"
      }
    ]
  }
}